"Source","Controversy Occurrences","Total Occurrences Sampled","Total Occurrences"
"twitter.com",326,445,2300
"www.youtube.com",306,667,5955
"www.eldiario.es",293,772,7533
"www.publico.es",190,552,5804
"www.20minutos.es",118,504,6048
"www.elconfidencial.com",117,434,5188
"www.elplural.com",103,189,1590
"www.huffingtonpost.es",85,131,786
"www.elmundo.es",81,458,6191
"www.elespanol.com",81,207,1995
"www.elmundotoday.com",80,139,879
"cadenaser.com",69,182,1930
"blogs.publico.es",64,137,1082
"elpais.com",60,153,1485
"www.europapress.es",59,403,5393
"www.lasexta.com",58,137,1207
"www.lavanguardia.com",43,135,1364
"www.infolibre.es",42,69,569
"www.elsaltodiario.com",35,66,541
"www.marca.com",34,61,644
"www.xataka.com",33,99,1174
"www.abc.es",33,190,2425
"es.gizmodo.com",31,106,1282
"www.elperiodico.com",31,112,1485
"maldita.es",29,43,215
"actualidad.rt.com",29,79,826
"ctxt.es",28,42,270
"www.eljueves.es",27,55,468
"www.bbc.com",27,107,1105
"www.vozpopuli.com",26,115,1383
"jotapov.com",26,26,98
"magnet.xataka.com",25,58,605
"www.lainformacion.com",24,92,1210
"www.facebook.com",23,38,258
"www.lavozdegalicia.es",23,130,1483
"www.elpais.com",23,320,4850
"www.rtve.es",21,109,1335
"spanishrevolution.org",20,22,79
"threadreaderapp.com",20,29,132
"noticias.lainformacion.com",20,104,1580
"www.elindependiente.com",20,82,802
"www.elboletin.com",19,72,951
"www.elnacional.cat",19,22,128
"spanishrevolution.net",18,19,54
"www.libertaddigital.com",18,49,506
"blogs.elconfidencial.com",18,42,374
"www.nuevatribuna.es",16,36,290
"www.niusdiario.es",16,33,334
"vozpopuli.com",16,81,1133
"www.lamarea.com",16,52,400
"www.theguardian.com",15,46,468
"www.naiz.eus",15,26,168
"www.larazon.es",14,43,555
"laboro-spain.blogspot.com",14,29,202
"www.jrmora.com",13,25,275
"www.cuartopoder.es",12,45,398
"mobile.twitter.com",12,17,96
"aldescubierto.org",12,15,26
"youtu.be",12,15,70
"www.as.com",12,35,301
"www.eleconomista.es",12,93,1342
"www.elconfidencialdigital.com",12,32,419
"www.formulatv.com",12,34,291
"www.cuatro.com",11,24,213
"www.heraldo.es",11,39,403
"www.mimesacojea.com",11,26,154
"blogs.20minutos.es",11,38,476
"www.vilaweb.cat",11,18,118
"www.telecinco.es",11,27,308
"www.cadenaser.com",11,92,1339
"www.strambotic.com",10,20,135
"diario16.com",10,15,131
"es.noticias.yahoo.com",9,59,929
"www.infobae.com",9,32,373
"www.playgroundmag.net",9,15,103
"www.lavozdeasturias.es",9,25,293
"www.laopiniondemurcia.es",9,17,166
"www.liveleak.com",9,21,166
"kaosenlared.net",9,12,63
"www.elcomercio.es",9,24,243
"www.losreplicantes.com",9,13,67
"www.jotdown.es",9,56,664
"vertele.eldiario.es",9,21,154
"www.escolar.net",8,36,479
"electomania.es",8,11,38
"blogs.elcorreo.com",8,14,178
"www.elblogsalmon.com",7,39,435
"ecodiario.eleconomista.es",7,81,1261
"www.tercerainformacion.es",7,15,155
"www.microsiervos.com",7,59,779
"culturainquieta.com",7,18,134
"naukas.com",7,19,171
"www.republica.com",7,18,204
"www.idealista.com",7,18,164
"www.fogonazos.es",7,17,208
"www.genbeta.com",7,55,776
"www.epe.es",6,12,71
"www.espinof.com",6,15,69
"www.agenciasinc.es",6,29,374
"www.yorokobu.es",6,31,373
"www.adn.es",6,68,870
"politica.e-noticies.es",6,8,48
"www.sport.es",6,10,55
"www.periodistadigital.com",6,16,155
"gallir.wordpress.com",6,10,97
"imgur.com",6,21,191
"www.levante-emv.com",6,62,1034
"www.redaccionmedica.com",6,12,117
"www.leonoticias.com",6,12,139
"www.antena3.com",6,38,420
"www.cookingideas.es",6,36,335
"laultimahora.info",6,7,12
"politikon.es",6,13,116
"www.lasprovincias.es",6,33,430
"www.dw.com",5,11,110
"www.elperiodicodearagon.com",5,19,181
"www.noticiasdenavarra.com",5,16,152
"www.catalunyapress.es",5,9,55
"es.eurosport.yahoo.com",5,9,57
"www.ondacero.es",5,19,120
"contrainformacion.es",5,11,58
"www.vidaextra.com",5,7,104
"pbs.twimg.com",5,6,30
"edition.cnn.com",5,22,171
"lapandereta.es",5,6,19
"hipertextual.com",5,30,456
"historiasdelahistoria.com",5,17,309
"es.rbth.com",5,8,81
"blogs.lainformacion.com",5,31,348
"twitpic.com",5,11,94
"www.ultimahora.es",5,19,116
"www.nytimes.com",5,35,460
"rokambol.com",5,6,70
"www.larepublica.es",5,19,175
"www.elcorreo.com",5,27,323
"magonia.com",5,7,22
"lacienciaysusdemonios.com",5,11,69
"www.libremercado.com",5,11,129
"www.rebelion.org",5,18,190
"www.reddit.com",5,9,74
"m.facebook.com",5,6,22
"www.gurusblog.com",5,22,203
"www.asivaespana.com",5,5,15
"iniciativadebate.org",5,5,37
"confilegal.com",5,11,49
"www.lavozdelsur.es",5,12,92
"www.independent.co.uk",5,19,209
"digitalsevilla.com",5,8,64
"www.boredpanda.com",5,12,136
"www.dailymail.co.uk",5,41,564
"www.diariovasco.com",4,23,225
"medium.com",4,9,104
"vimeo.com",4,13,135
"www.xlsemanal.com",4,12,112
"www.mundodeportivo.com",4,5,26
"www.eulixe.com",4,4,27
"www.diariosur.es",4,26,272
"www.radiocable.com",4,13,147
"elcomidista.elpais.com",4,4,19
"www.vayatele.com",4,13,136
"www.lavanguardia.es",4,106,1642
"alt1040.com",4,53,635
"www.clarin.com",4,22,330
"www.diariodemallorca.es",4,21,341
"www.adslzone.net",4,48,636
"valenciaplaza.com",4,23,269
"www.cope.es",4,11,160
"okdiario.com",4,5,28
"www.cuantocabron.com",4,5,7
"www.vanitatis.elconfidencial.com",4,7,51
"mundo.sputniknews.com",4,10,101
"rarehistoricalphotos.com",4,9,48
"i.imgur.com",4,7,62
"www.facua.org",4,22,294
"forococheselectricos.com",4,19,169
"www.buzzfeed.com",4,11,91
"es.youtube.com",4,21,199
"www.vertele.com",4,27,291
"danielmarin.naukas.com",4,37,489
"postdigital.es",4,8,53
"www.eitb.eus",4,14,137
"www.abadiadigital.com",4,16,230
"www.laverdad.es",4,26,318
"www.moncloa.com",4,7,84
"www.deia.eus",3,5,27
"www.burbuja.info",3,8,52
"www.gara.net",3,6,79
"www.mibrujula.com",3,5,38
"esmateria.com",3,12,138
"arainfo.org",3,10,53
"theobjective.com",3,5,59
"www.malaprensa.com",3,4,99
"www.yofuiaegb.com",3,6,37
"www.agenteprovocador.es",3,12,88
"www.lne.es",3,33,416
"www.vozbcn.com",3,5,21
"blog.meneame.net",3,8,78
"historia.nationalgeographic.com.es",3,6,43
"disidentia.com",3,4,10
"igualdadanimal.org",3,3,3
"www.andalucesdiario.es",3,7,90
"es.finance.yahoo.com",3,8,78
"www.spiegel.de",3,7,60
"m.huffingtonpost.es",3,4,8
"www.primaveravalenciana.info",3,4,29
"www.xatakaciencia.com",3,13,172
"lafragua.blogspot.com",3,3,12
"www.vice.com",3,12,138
"tremending.publico.es",3,4,6
"www.mirror.co.uk",3,8,47
"sociedad.e-noticies.es",3,4,23
"www.omicrono.com",3,5,124
"www.elcorreodigital.com",3,20,269
"www.detectivesdeguerra.com",3,3,29
"www.diaridetarragona.com",3,7,67
"elcomun.es",3,3,6
"www.canarias7.es",3,16,233
"www.diariodenavarra.es",3,15,160
"es.ara.cat",3,4,5
"elchapuzasinformatico.com",3,14,116
"luhnoticias.es",3,3,9
"vandal.elespanol.com",3,6,34
"as.com",3,6,52
"yorokobu.es",3,3,29
"www.geografiainfinita.com",3,5,76
"i.redd.it",3,6,19
"www.nationalgeographic.com.es",3,13,153
"informalia.eleconomista.es",3,3,16
"www.newtral.es",3,5,25
"www.thesun.co.uk",3,8,40
"ecoteuve.eleconomista.es",3,6,49
"9gag.com",3,7,34
"www.diagonalperiodico.net",3,23,333
"blogs.republica.com",3,3,32
"ourworldindata.org",3,3,9
"andaluciainformacion.es",3,8,71
"www.diariodecadiz.es",3,16,116
"www.soitu.es",3,27,346
"theconversation.com",3,10,142
"tabernadegrog.blogspot.com",3,6,31
"www.gasteizhoy.com",3,6,25
"www.cribeo.com",3,4,7
"elventano.blogspot.com.es",3,5,65
"muhimu.es",3,5,35
"www.biobiochile.cl",3,5,50
"maslinux.es",3,7,25
"www.enriquedans.com",3,22,205
"www.labrujulaverde.com",3,34,530
"principia.io",3,6,45
"bluper.elespanol.com",3,5,30
"www.naciodigital.cat",3,7,51
"www.noticiasdegipuzkoa.eus",3,4,29
"instagram.com",3,3,8
"www.bbc.co.uk",3,55,836
"www.meneame.net",3,5,18
"finofilipino.org",3,3,11
"www.huffingtonpost.com",3,8,114
"abcnews.go.com",3,6,62
"www.efe.com",3,26,287
"www.ecorepublicano.es",3,4,25
"www.forbes.com",3,12,48
"www.atresplayer.com",3,7,47
"www.ecsaharaui.com",2,4,22
"www.revistavanityfair.es",2,4,43
"www.ideal.es",2,17,313
"es.wikipedia.org",2,12,161
"madridprogresista.es",2,2,7
"www.experiensense.com",2,10,72
"www.kriptopolis.org",2,14,234
"www.deia.com",2,9,138
"www.thef1.com",2,2,24
"www.manerasdevivir.com",2,4,32
"www.cracked.com",2,7,80
"www.technologyreview.es",2,6,99
"www.ambienteg.com",2,7,51
"diariodeavisos.elespanol.com",2,4,70
"www.upsocl.com",2,4,21
"barcelona.indymedia.org",2,2,12
"www.teinteresa.es",2,15,181
"ccaa.elpais.com",2,26,440
"elcomunista.net",2,2,16
"www.perezreverte.com",2,2,23
"mimesacojea.com",2,4,7
"videos.elmundo.es",2,2,2
"vicisitudysordidez.blogspot.com.es",2,4,34
"www.ibtimes.co.uk",2,6,23
"www.diariocritico.com",2,11,150
"www.interviu.es",2,10,117
"www.ehtio.es",2,2,17
"www.diariodesevilla.es",2,16,280
"www.ivoox.com",2,2,22
"tsevanrabtan.wordpress.com",2,3,8
"www.gominolasdepetroleo.com",2,3,22
"elretohistorico.com",2,7,102
"www.elsemanaldigital.com",2,8,88
"www.zeleb.es",2,3,8
"www.euribor.com.es",2,9,100
"larepublica.es",2,2,35
"www.hobbyconsolas.com",2,5,32
"www.autosport.com",2,2,15
"amazings.es",2,10,169
"www.latercera.com",2,10,127
"computerhoy.com",2,5,80
"cienciasycosas.blogspot.com",2,5,23
"www.lavozlibre.com",2,6,54
"www.greenpeace.org",2,5,58
"acidcow.com",2,3,13
"www.telemadrid.es",2,6,72
"columnacero.com",2,2,15
"es.euronews.com",2,10,125
"www.lacronicadelpajarito.es",2,5,56
"cordopolis.eldiario.es",2,4,17
"www.rankia.com",2,5,57
"www.lapaginadefinitiva.com",2,4,37
"desvariandoando.blogspot.com",2,4,43
"www.hibridosyelectricos.com",2,6,43
"www.nodo50.org",2,7,73
"www.guerraeterna.com",2,11,118
"www.antena3noticias.com",2,5,45
"www.losproductosnaturales.com",2,3,20
"mododios.com",2,2,4
"telegra.ph",2,2,11
"www.elindependientedegranada.es",2,6,53
"www.periodicodeibiza.es",2,2,13
"www.bluper.es",2,5,40
"hombrelobo.com",2,4,15
"www.flickr.com",2,16,311
"www.vanitatis.com",2,6,42
"www.ancient-origins.es",2,7,81
"crashoil.blogspot.com.es",2,4,19
"www.gonzoo.com",2,3,64
"castellonconfidencial.com",2,5,12
"cienciasycosas.blogspot.com.es",2,2,9
"elzo-meridianos.blogspot.com.es",2,6,57
"www.alimente.elconfidencial.com",2,3,22
"ecoosfera.com",2,4,22
"www.e-noticies.com",2,3,11
"www.fayerwayer.com",2,20,244
"iniciativadebate.net",2,4,9
"sonicwavemagazine.com",2,2,16
"www.naiz.info",2,7,27
"www.directe.cat",2,4,16
"atrozconleche.com",2,2,16
"www.malagahoy.es",2,7,54
"www.muylinux.com",2,11,157
"www.merca2.es",2,7,78
"www.descifrandolaguerra.es",2,5,24
"www.iflscience.com",2,7,42
"www.telegraph.co.uk",2,28,393
"www.elladodelmal.com",2,3,42
"cosasqueinspiran.com",2,2,4
"www.revistagq.com",2,7,45
"www.economist.com",2,5,35
"ricardogalli.com",2,3,18
"scientiablog.com",2,6,100
"www.farodevigo.es",2,17,309
"www.soydelbierzo.com",2,5,18
"www.digitalsevilla.com",2,2,37
"www.abcdesevilla.es",2,13,136
"www.diaridegirona.cat",2,4,21
"www.curistoria.com",2,7,58
"www.diarioinformacion.com",2,33,379
"soranews24.com",2,2,4
"www.lefigaro.fr",2,4,39
"www.jornada.unam.mx",2,11,86
"blogscuridad.blogspot.com",2,2,5
"www2.elplural.com",2,6,60
"www.larepublica.pe",2,4,11
"www.diarioiberico.com",2,3,17
"amp.lasexta.com",2,2,48
"www.metropoliabierta.com",2,4,25
"www.granadablogs.com",2,4,17
"amp.vozpopuli.com",2,2,5
"wtf.microsiervos.com",2,8,92
"laultimahora.es",2,2,5
"www.sensacine.com",2,4,17
"halabedi.eus",2,2,3
"www.sportyou.es",2,5,51
"www.expansion.com",2,29,623
"storify.com",2,2,14
"www.univision.com",2,9,136
"elteleoperador.blogspot.com",2,6,31
"s1.subirimagenes.com",2,2,4
"www.upi.com",2,2,17
"elultimoquecierrelapuerta.wordpress.com",2,3,12
"nuevarevolucion.es",2,2,26
"m.eldiario.es",2,11,121
"www.elcaptor.com",2,2,18
"mashable.com",2,12,104
"xkcd.com",2,10,79
"www.elperiodicomediterraneo.com",2,6,68
"www.motorpasion.com",2,13,167
"altavozdesucesos.es",2,2,3
"ireneu.blogspot.com.es",2,3,38
"www.mondosonoro.com",2,2,20
"www.caninomag.es",2,5,50
"www.autocasion.com",2,2,2
"www.frikipedia.es",2,3,10
"kurioso.es",2,11,73
"www.vox.com",2,2,23
"www.iberobike.com",2,3,15
"gizmodo.com",2,11,114
"www.faq-mac.com",2,3,20
"www.boingboing.net",2,9,79
"www.diariodeleon.es",2,14,129
"elperiodicodelaenergia.com",2,14,178
"omicrono.elespanol.com",2,6,64
"www.dclm.es",2,6,50
"mariskalrock.com",2,3,10
"historiadegalicia.gal",2,3,27
"expansion.mx",2,2,3
"www.bolsamania.com",2,17,259
"lasoga.org",2,11,144
"www.cubadebate.cu",2,5,29
"www.hispantv.com",2,6,46
"www.ciencia-explicada.com",2,5,48
"lavozdelmuro.net",2,6,38
"actualidad.terra.es",2,35,493
"lacronicadelpajarito.com",2,5,49
"geekinlove.com",2,2,12
"culturafilosofica.com",2,2,5
"tendencias.vozpopuli.com",2,2,13
"sinergiasincontrol.blogspot.com.es",2,2,11
"www3.nhk.or.jp",1,1,12
"baserrigorri.blogspot.com",1,1,1
"cbanlieue.blogspot.com.es",1,1,3
"www.ilustradahermandaddedisenadores.com",1,1,1
"microsofters.com",1,1,3
"infokrisis.blogia.com",1,1,1
"albertofojo.blogspot.com",1,1,1
"m.asivaespana.com",1,1,2
"herodotoycia.com",1,1,1
"www.reporterodigital.com",1,1,6
"exitoeducativo.net",1,1,1
"www.breitbart.com",1,1,7
"avanceintermitente.com",1,1,1
"evolucionyneurociencias.blogspot.com",1,1,6
"www.bitchute.com",1,1,2
"awarenessact.com",1,1,1
"www.enchufa2.es",1,2,16
"www.valladares.info",1,1,1
"www.entreelcaosyelorden.com",1,1,3
"nidododo.blogspot.com",1,1,6
"www.rt.com",1,5,14
"matadornetwork.com",1,1,9
"www.novaciencia.com",1,3,47
"www.cinemania.es",1,3,32
"www.galiciaconfidencial.com",1,6,79
"www.fronterad.com",1,1,7
"cienciadesofa.com",1,6,109
"www.locierto.es",1,1,1
"datos.cis.es",1,1,4
"www.lamentiraestaahifuera.com",1,5,25
"vainasalalba.blogspot.com.es",1,1,1
"noelialopezcheda.wordpress.com",1,1,1
"blog.ofertitas.es",1,1,1
"www.rio2016.com",1,1,1
"www.eurosport.es",1,1,9
"nonostaparanblog.wordpress.com",1,1,3
"www.extremaduraprogresista.com",1,2,13
"www.euro2008.uefa.com",1,1,1
"m.elblogsalmon.com",1,1,5
"javarm.blogalia.com",1,1,14
"jenesaispop.com",1,3,35
"caminandoporlahistoria.com",1,6,34
"www.planetatriatlon.com",1,1,4
"www.computerworld.es",1,1,5
"el20segundos.wordpress.com",1,1,1
"www.envillaviciosadeodon.es",1,1,1
"wikitanks.com",1,1,1
"mexico.pueblosamerica.com",1,4,20
"4.bp.blogspot.com",1,1,3
"www.manicomi.net",1,1,2
"www.legalitas.com",1,2,13
"chinadigitaltimes.net",1,1,1
"google-earth-es.blogspot.com",1,1,2
"www.barcelonahoy.es",1,1,3
"www.gastroactitud.com",1,1,1
"libertadparacrear.com",1,1,1
"miratu.es",1,1,1
"prensa-preventiva.blogspot.com",1,1,10
"www.preferente.com",1,2,34
"www.maikelnai.es",1,14,202
"portalsantantoni.net",1,1,1
"www.enciclopediadegastronomia.es",1,1,2
"www.tendencias21.net",1,16,201
"rollingstone.es",1,1,10
"www.24matins.es",1,3,11
"periodismohumano.com",1,12,101
"guiadestreaming.com",1,1,1
"navarra.orain.eus",1,1,3
"www.quo.es",1,3,76
"maikelnai.elcomercio.es",1,1,6
"lacronicadesalamanca.com",1,1,3
"www.whio.com",1,1,1
"monobits.net",1,2,11
"coctel-de-ciencias.blogs.quo.es",1,2,10
"www.hispanidad.com",1,7,88
"evolucionyneurociencias.blogspot.ie",1,1,4
"www.salvemostelemadrid.es",1,4,79
"misdudasrazonables.wordpress.com",1,1,1
"inseminario.blogspot.com",1,1,1
"www.salamanca24horas.com",1,7,49
"iusport.com",1,1,4
"miguelcolomo.blogspot.com",1,1,1
"www.madboxpc.com",1,1,4
"www.superaudion.com",1,1,11
"latribunadelpaisvasco.com",1,1,6
"projects.propublica.org",1,1,1
"www.losandes.com.ar",1,2,21
"www.eldiadevalladolid.com",1,3,24
"www.fitnessrevolucionario.com",1,1,7
"www.aprendeseduccion.com",1,1,2
"galaxiamilitar.es",1,2,9
"www.melohago.com",1,1,1
"grupopensamientocritico2014.blogspot.com",1,1,1
"madridvo.madrid.es",1,1,2
"www.aporrea.org",1,4,36
"el20segundos.es",1,1,1
"www.sanlucar-debate.com",1,1,1
"www.economistjurist.es",1,2,5
"bandaancha.eu",1,17,308
"www.infojusnoticias.gov.ar",1,1,1
"www.vistaalmar.es",1,8,84
"www.jugueteseroticos365.com",1,1,1
"loactual.es",1,1,1
"democratasporlajusticia.com",1,1,1
"blogcmt.com",1,1,8
"politiqueces.blogspot.com",1,1,3
"chrome.google.com",1,1,2
"amp.rtve.es",1,2,9
"www.noticiascyl.com",1,2,11
"madridpress.com",1,1,7
"www.eldiariomontanes.es",1,8,164
"www.purdue.edu",1,1,2
"gafasdenover.blogspot.com",1,1,7
"blogs.tercerainformacion.es",1,3,45
"www.lacronicadeandalucia.com",1,2,12
"www.newyorker.com",1,2,16
"www.sevillaactualidad.com",1,2,13
"poetadifunta.blogspot.com.es",1,1,1
"kriptopolis.org",1,1,11
"cnews.canoe.ca",1,3,4
"martuniki.wordpress.com",1,1,2
"lahistoriarima.wordpress.com",1,1,1
"leonoticias.com",1,2,22
"www.covertalavera.com",1,1,1
"www.periodicocubano.com",1,1,1
"972mag.com",1,1,4
"www.linkinn.com",1,1,7
"es.wikibooks.org",1,1,2
"www.discapnet.es",1,6,48
"www.noticias24hs.com.ar",1,1,2
"brunoticias.com",1,1,1
"esmola.wordpress.com",1,3,31
"m.magnet.xataka.com",1,4,27
"danbooru.donmai.us",1,1,1
"sambaytango.blogspot.com",1,1,1
"topcultured.com",1,1,2
"lateleenelpaisdelasmaravillas.blogspot.com",1,1,1
"aboutbasquecountry.eus",1,2,3
"blog.manerasdeescribir.com",1,1,2
"mesaendefensasanidadpublica.wordpress.com",1,1,1
"www.se7ensins.com",1,1,1
"www.loquesomos.org",1,1,2
"wafwafesdiminuta.blogspot.com.es",1,1,1
"scontent.fmad3-5.fna.fbcdn.net",1,1,1
"www.pitodoble.com",1,2,22
"www.slideshare.net",1,1,8
"mercedespaton.blogspot.com",1,1,2
"www.prnoticias.com",1,7,98
"dondeestamitribu.blogspot.com.es",1,1,1
"letrasdecine.blogspot.com",1,1,1
"www.11points.com",1,1,6
"www.riotandroll.com",1,1,1
"m.europapress.es",1,8,73
"bohemia.cu",1,1,2
"www.cpiiex.es",1,1,1
"sindicatoarquitectos.wordpress.com",1,1,2
"www.juntadeandalucia.es",1,2,8
"digresionesvirtuales.wordpress.com",1,1,3
"www.eitb.com",1,15,181
"www.exonline.com.mx",1,1,9
"www.imagebong.com",1,1,1
"wrunch.com",1,1,1
"www.elmira.es",1,1,6
"news.cnet.com",1,4,40
"viajes.nationalgeographic.com.es",1,3,16
"www.laicismo.org",1,1,30
"timis.es",1,1,2
"ania.urcm.net",1,1,2
"laboro-spain.blogspot.com.es",1,5,41
"www.jesusencinar.com",1,2,6
"franciscorey.wordpress.com",1,1,1
"mariomoratalla.wordpress.com",1,1,1
"carlos.rinconsanchez.com",1,1,1
"publicintelligence.net",1,1,2
"habitacion701.blogspot.com",1,1,1
"www.thisiscolossal.com",1,4,32
"www.vayaface.com",1,1,2
"www.voltairenet.org",1,4,35
"wiselwisel.com",1,1,2
"vestaliaasociados.es",1,1,1
"historiasdechina.com",1,7,68
"japonismo.com",1,2,11
"www.324.cat",1,2,28
"zookeys.pensoft.net",1,1,1
"en-profundidad.blogspot.com",1,1,4
"metropolistv.nl",1,1,1
"www.directoalpaladar.com",1,4,62
"www.vayaface.es",1,1,1
"www.darbaculture.com",1,1,1
"www.icatfm.cat",1,1,1
"uruknet.de",1,1,1
"www.reuters.com",1,5,141
"www.gamesajare.com",1,1,8
"adictosalasomv.blogspot.com",1,1,1
"theoatmeal.com",1,1,46
"www.electronicafacil.net",1,9,107
"www.esdiario.com",1,1,19
"motoclubsanandres.foroactivo.net",1,1,1
"teleportglobalcorp.wordpress.com",1,1,2
"goteo.org",1,1,2
"www.reeditor.com",1,1,4
"www.zoomnews.es",1,5,94
"biboz.net",1,1,5
"www.stewpig.com",1,1,1
"www.txoriherri.com",1,1,1
"www.acampos.eu",1,1,1
"b.imagehost.org",1,1,1
"www.globalwebpost.com",1,1,1
"blogs.culturamas.es",1,1,1
"www.retromemories.net",1,1,7
"www.ojocientifico.com",1,3,31
"ciclismoafondo.es",1,1,1
"montondemierda.com",1,1,2
"blogs.nortecastilla.es",1,1,13
"jomaweb.blogalia.com",1,1,1
"www.businessinsider.es",1,6,122
"dominacionmundial.org",1,2,6
"rebelion.org",1,1,17
"www.imperioromano.site",1,1,1
"www.criptonoticias.com",1,1,4
"www.applesfera.com",1,2,21
"www.nationalgeographic.es",1,8,56
"www.deportesya.es",1,1,2
"www.iprofesional.com",1,1,9
"link.brightcove.com",1,1,3
"gamedustria.com",1,1,2
"www.nrk.no",1,3,7
"www.euaaldaia.es",1,1,1
"es.euronews.net",1,3,17
"www.abadiadelcrimenextensum.com",1,1,1
"news.yahoo.com",1,12,103
"www.acpv.net",1,1,1
"jn.sapo.pt",1,2,5
"hardwaresfera.com",1,1,18
"petapixel.com",1,2,22
"cira.ca",1,1,1
"www.losalcores.info",1,1,1
"indiatoday.intoday.in",1,1,1
"noticiasanimalistas.medium.com",1,1,1
"www.runnersworld.com",1,2,5
"www.bandaancha.st",1,7,105
"www.diariodenoticias.es",1,1,1
"ladymosca.tumblr.com",1,1,1
"www.colectivoburbuja.org",1,2,17
"www.teoriza.com",1,1,5
"quimicas.ucm.es",1,1,1
"www.albertocontadoraltour.com",1,1,1
"globovision.com",1,1,13
"www.km77.com",1,1,4
"www.portaltic.es",1,4,78
"asambleaiesarturosoria.blogspot.com.es",1,1,2
"rodajesdepeliculas.blogspot.com",1,5,41
"www.animenewsnetwork.com",1,2,7
"aam.blogcindario.com",1,2,6
"chicasperger.blogspot.com",1,1,1
"www.diariodelviajero.com",1,1,32
"circuloesceptico.com.ar",1,1,2
"es.besoccer.com",1,1,4
"www.diariodeunpixel.com",1,1,3
"calmcode.es",1,1,1
"ferroviario.fesmcugt.org",1,1,1
"www.laciudaddeportiva.com",1,1,1
"amp.elperiodico.com",1,1,12
"www.mmadrigal.com",1,1,11
"www.paravegetarianos.com",1,1,1
"www.ocanal.com.br",1,1,1
"cuchillosynavajas.tienda",1,1,1
"www.mareablanca.cat",1,1,1
"www.pacma.es",1,4,29
"observatoriconflicteurba.org",1,1,1
"vicisitudysordidez.com",1,2,8
"musikorner.com",1,1,1
"videotacora.blogspot.com",1,1,1
"www.motociclismo.es",1,1,4
"otech.uaeh.edu.mx",1,1,1
"www.thegailygrind.com",1,1,1
"blogdebanderas.com",1,2,37
"notibomba.com",1,1,1
"www.foropolicia.es",1,1,5
"avblog.es",1,1,2
"www.20min.ch",1,1,3
"guerrasgae.blogspot.com",1,1,6
"alexcorrons.blogspot.ie",1,1,1
"www.imageloop.com",1,1,1
"www.gentevalencia.com",1,1,1
"subrayado.com.uy",1,1,2
"www.metacafe.com",1,5,48
"www.exolung.com",1,1,1
"www.lanuevatribuna.com",1,1,1
"comeronocomer.es",1,2,5
"eldiadigital.es",1,3,10
"www.guardian.co.uk",1,15,273
"elcultural.com",1,1,10
"nuevatribuna.publico.es",1,1,7
"www.xataka.com.mx",1,1,6
"kontrainfo.com",1,1,1
"contraelborradodelasmujeres.org",1,1,1
"jperales25.blogspot.com",1,2,6
"eldeber.com.bo",1,1,2
"www.lepost.fr",1,1,2
"negracubanateniaqueser.com",1,1,1
"www.rae.es",1,1,6
"www.perfil.com",1,4,40
"www.theatlantic.com",1,11,140
"tumblr.gorkalimotxo.net",1,1,2
"img44.imagevenue.com",1,1,1
"www.elcomerciodigital.com",1,7,107
"noticiascyl.elespanol.com",1,1,2
"amp.diariodemallorca.es",1,1,2
"cajondesastres.wordpress.com",1,1,1
"elcomercio.pe",1,4,76
"www.evilmadscientist.com",1,1,4
"www.messynessychic.com",1,4,24
"ecomovilidad.net",1,3,34
"www.jpost.com",1,1,22
"arenasperu.com",1,1,1
"puesfijate.blogspot.com",1,1,3
"www.techspot.com",1,1,2
"halturnerradioshow.com",1,1,1
"20min.irc-hispano.org",1,1,1
"www.jorgefaba.com",1,1,1
"www.tdg.ch",1,2,5
"praza.gal",1,5,47
"hojasdebate.es",1,1,3
"www.counterpunch.org",1,1,2
"rexvalrexblog.wordpress.com",1,1,1
"www.dailymotion.com",1,4,49
"blog.ioe.es",1,1,1
"m.youtube.com",1,3,11
"www.photolari.com",1,1,5
"www.mediavida.com",1,2,22
"elfarodelacolina.blogspot.com.es",1,1,4
"www.boredpanda.es",1,3,45
"www.seth.es",1,1,1
"inditex-grupo.blogspot.com",1,1,1
"www.picadillocircus.com",1,1,4
"batallonanticiencia.com",1,1,1
"amp.20minutos.es",1,4,71
"marruecom.com",1,1,1
"www.seriouseats.com",1,1,1
"es.numbeo.com",1,1,1
"www.reasonwhy.es",1,2,6
"www.ecuavisa.com",1,1,1
"www.farmaceuticos.biz",1,1,1
"ss64.com",1,1,1
"www.madrimasd.org",1,3,33
"bitacoradeoctubre.wordpress.com",1,1,1
"motor.terra.es",1,2,10
"www.mallorcactual.com",1,1,1
"archivoshistoria.com",1,2,39
"www.futbolia.com",1,1,3
"yocontraelmundo.es",1,1,2
"www.traveler.es",1,3,51
"pasandodelalinea.wordpress.com",1,1,1
"quedicenen.blogspot.com.es",1,3,9
"iglesiapastafari.wordpress.com",1,2,10
"www.eurovision2008.rtve.es",1,1,2
"www.elamaule.cl",1,1,1
"psxxi.wordpress.com",1,1,1
"siknus.com",1,1,1
"www.rainews.it",1,1,2
"www.diarioprogresista.es",1,4,47
"www.linuxadictos.com",1,4,55
"elcondensadordefluzo.blogs.fotogramas.es",1,1,5
"120linux.com",1,3,6
"videos.abc.es",1,2,5
"javierparra.eu",1,1,3
"agarzon.net",1,1,1
"elrobotpescador.com",1,2,5
"www.contextotucuman.com",1,1,2
"www.davidhammerstein.com",1,1,4
"bloguionistas.wordpress.com",1,1,8
"www.ifomo.es",1,1,3
"www.pikaramagazine.com",1,1,9
"www.cgt-lkn.org",1,1,3
"shikara.es",1,1,1
"recuerdosdepandora.com",1,17,149
"www.gsmspain.com",1,4,26
"www.howlanders.com",1,1,7
"www.elconfidencialautonomico.com",1,1,7
"codigoespagueti.com",1,1,8
"www.granadadigital.es",1,1,6
"www.emprendedores.es",1,1,2
"metro.co.uk",1,4,41
"karmawhore.wikispaces.com",1,1,1
"www.lacapital.com.ar",1,6,18
"finofilipino.com",1,4,16
"elventano.blogspot.com",1,1,6
"edant.clarin.com",1,1,2
"hartodecarrefour.blogspot.com.es",1,1,8
"www.galiciapress.es",1,7,68
"culturabolchevique.blogspot.com",1,1,1
"m.xataka.com",1,4,42
"www.amazon.com",1,1,7
"www.ocu.org",1,6,81
"io9.com",1,5,65
"www.sensacionrural.es",1,1,1
"www.menorca.info",1,1,13
"www.diarioabierto.es",1,3,6
"www.arabalears.cat",1,2,13
"misionesonline.net",1,1,1
"javiermarias.es",1,1,3
"www.diariodeunrockero.es",1,1,1
"www.euskadi.press",1,1,1
"ataquealpoder.wordpress.com",1,5,20
"asivaespana.com",1,1,1
"mymodernmet.com",1,9,86
"curiosidades.batanga.com",1,2,5
"www.rollingstone.es",1,2,21
"elperiodicocr.com",1,1,1
"www.vanityfair.com",1,1,8
"isaacbaltanas.com",1,1,1
"agenciaeternity.com",1,2,2
"www.revistaarabe.com.ar",1,1,1
"www.juliaalvaro.com",1,1,3
"www.elgoldigital.com",1,1,3
"www.informativos.telecinco.es",1,8,88
"es.sports.yahoo.com",1,1,7
"zaragozaheavy.es",1,1,1
"archaeologynewsnetwork.blogspot.com.es",1,1,1
"www.eltriangle.eu",1,4,24
"ehtio.es",1,1,3
"foxtrotalpha.jalopnik.com",1,1,12
"www.scientificamerican.com",1,3,31
"realshite.blogspot.com",1,1,1
"www.teknoplof.com",1,6,71
"www.12up.com",1,1,1
"www.wsj.com",1,1,5
"www.ferendum.com",1,1,1
"www.wizinga.com",1,1,1
"www.cosas-que-pasan.com",1,1,1
"biotay.blogspot.com",1,2,5
"www.ateoyagnostico.com",1,1,6
"www.topsofblogs.com",1,1,1
"deia.com",1,2,8
"www.laprensademonclova.com",1,1,1
"www.abc.net.au",1,7,37
"www.atlasobscura.com",1,2,26
"es-us.noticias.yahoo.com",1,4,41
"historiaeweb.com",1,4,34
"www.cyberwarnews.info",1,1,1
"webubuntu.webcindario.com",1,1,1
"www.outono.net",1,2,9
"comunicacion.e-noticies.es",1,2,19
"www.ktvu.com",1,1,1
"www.elcorreogallego.es",1,14,181
"todoslosrostros.blogspot.com.es",1,1,1
"sentadoenlatrebede.blogspot.com",1,3,23
"www.totuputamadre.com",1,1,1
"diariodeltriatlon.es",1,1,13
"gustavoduch.wordpress.com",1,1,1
"portal.revistabrasilvox.es",1,1,1
"www.hoy.es",1,19,248
"www.alejandrosuarez.es",1,1,9
"www.es.lowtechmagazine.com",1,1,4
"www.forotransportistas.es",1,1,4
"news.rthk.hk",1,1,1
"littlegreenfootballs.com",1,1,2
"francisthemulenews.wordpress.com",1,8,141
"www.diariodepontevedra.es",1,1,12
"www.ecoperiodico.com",1,2,11
"www.dalealplay.com",1,1,6
"www.pagina12.com.ar",1,4,86
"www.haaretz.com",1,3,24
"blogs.elcorreodigital.com",1,8,63
"www.theregister.co.uk",1,7,90
"blog.vlad1.com",1,1,1
"www.somosfrikis.com",1,1,2
"prnoticias.com",1,4,40
"www.religiondigital.org",1,6,42
"www.oei.es",1,1,2
"overland-magazine.es",1,1,5
"www.elandroidelibre.com",1,6,68
"www.autoblog.com",1,1,9
"www.gndiario.com",1,1,1
"www.menorcadiario.es",1,1,1
"news.osu.edu",1,1,1
"enformadepalabra.wordpress.com",1,1,1
"triangulodelasbermudas.ning.com",1,1,3
"keirsey.com",1,1,1
"liamngls.blogspot.com",1,1,5
"www.paginasiete.bo",1,1,1
"www.anieto2k.com",1,3,26
"es.releases.ubuntu.com",1,1,1
"drive.google.com",1,1,5
"www.comunidad.madrid",1,1,2
"www.albertonoguera.com",1,2,8
"www.news.com.au",1,6,75
"www.rinconabstracto.com",1,1,5
"www.diariosigloxxi.com",1,15,143
"blog.dichos.org",1,1,1
"www.cronicaglobal.com",1,2,27
"www.lanacion.es",1,2,22
"ensentidocontrario.com",1,1,2
"www.puntogeek.com",1,2,21
"pythonspeed.com",1,1,1
"gespadas.com",1,1,2
"www.elpercal.net",1,1,1
"www.gamerachan.org",1,1,1
"deseducativos.com",1,1,4
"www.elimparcial.es",1,3,29
"www.webofentertainment.com",1,1,1
"masqueforo.info",1,1,1
"www.elsalmoncontracorriente.es",1,3,31
"salvajeilustrado.com",1,1,3
"www.psychologytoday.com",1,1,5
"archivodepalabrasmuertas.wordpress.com",1,1,3
"www.hispanianostra.org",1,1,1
"mata-ratas.blogspot.com",1,1,6
"www.kaosenlared.net",1,17,197
"www.dailydot.com",1,3,9
"failblog.org",1,3,20
"blog.lafacultad.net",1,1,2
"allopis.es",1,1,1
"casajuntoalrio.wordpress.com",1,1,2
"www.insecure.org",1,1,1
"www.keblog.it",1,1,2
"la-cronica.net",1,1,1
"doctorfronkonstein.blogspot.com",1,1,1
"www.nortecastilla.es",1,7,95
"www.t13.cl",1,1,14
"www.diariomilitar.es",1,1,1
"mimeneame.blogspot.com",1,1,1
"barrapunto.com",1,11,165
"ovejanegra.peru.com",1,1,1
"www.elmonovapeador.com",1,1,1
"www.vtactual.com",1,1,1
"blancahari.com",1,1,1
"www.quintopino.org",1,1,7
"www.valenciaplaza.com",1,21,233
"www.gaceta.es",1,4,51
"www.minoriadeunosolo.es",1,1,2
"yle.fi",1,1,3
"184.154.102.100",1,1,1
"www.uribex.com",1,1,1
"elretronostalgico.wordpress.com",1,1,5
"espanol.news.yahoo.com",1,1,48
"www.elpunt.cat",1,1,7
"www.szynalski.com",1,1,1
"www.usherald.com",1,1,1
"atlante83.wordpress.com",1,1,1
"loshombresdenegro.blogspot.com",1,1,2
"www.soy502.com",1,1,2
"www.ekinklik.org",1,1,1
"www.ouest-france.fr",1,1,1
"probandocacharros.wordpress.com",1,1,1
"es.vida-estilo.yahoo.com",1,1,8
"lapiedradesisifo.com",1,4,43
"www.zappinternet.com",1,5,30
"blogs.hbr.org",1,1,1
"isqch.wordpress.com",1,1,2
"membeth.legtux.org",1,1,1
"abelaparicio.blogspot.com.es",1,1,1
"alacontra.es",1,1,2
"lolsnaps.com",1,1,1
"web-podemos.s3.amazonaws.com",1,1,1
"m.revistavanityfair.es",1,1,4
"www.cronica.com.mx",1,2,13
"www.guerrasposmodernas.com",1,1,3
"rt.com",1,3,24
"japansmokinggrlz.blogspot.com.es",1,1,1
"www.koukyouzen.com",1,1,1
"encanarias.info",1,1,1
"sorprendible.blogspot.com.es",1,1,1
"psicologiaymente.net",1,2,10
"www.lavozdigital.es",1,4,51
"soymotor.com",1,2,16
"www.teknofilo.com",1,1,14
"amp.europapress.es",1,2,25
"yahel.wordpress.com",1,1,6
"www.todoliteratura.es",1,1,4
"box.jisko.net",1,2,4
"www.merodeando.com",1,2,11
"ulpilex.es",1,1,3
"juantorreslopez.com",1,1,15
"www.xatakamovil.com",1,5,79
"ablehnungsbeduerfitg.tumblr.com",1,1,1
"www.ontoinfo.com",1,1,1
"streamable.com",1,1,8
"rosamariaartal.com",1,3,28
"cronicaglobal.elespanol.com",1,4,81
"www.notimerica.com",1,3,24
"www.climatecentral.org",1,1,1
"dariomadrid.com",1,1,6
"astracan.tumblr.com",1,1,1
"www.gustavoguimaraes.com.br",1,1,1
"tetraedro.wordpress.com",1,1,6
"www.radiohuesca.com",1,2,15
"www.fundeu.es",1,1,13
"www.lavozdealmeria.es",1,2,10
"scientia1.wordpress.com",1,5,28
"www.ccma.cat",1,3,53
"www.subirimagenes.com",1,1,5
"www.madrid11.com",1,1,1
"elotroblogdeveronicadelcarpio.com",1,1,2
"www.manutd.com",1,1,1
"dedona.wordpress.com",1,1,5
"intrinsecoyespectorante.blogspot.ie",1,1,2
"www.eldiarioar.com",1,1,2
"www.quienfinancialacloaca.com",1,1,1
"elhipocritadigital.blogspot.com",1,1,1
"tumbadito.wordpress.com",1,1,4
"amodelcastillo.blogspot.com.es",1,5,56
"inteligenciafinancieraglobal.blogspot.com.es",1,1,1
"www.nosolounix.com",1,1,1
"politica.elpais.com",1,26,604
"blogs.deia.eus",1,1,2
"www.globalresearch.ca",1,1,5
"radioslibres.net",1,1,1
"milkbaronline.org",1,1,2
"lavenganzadehipatia.wordpress.com",1,1,4
"gaceta.es",1,2,5
"hastalosmegapixeles.com",1,1,2
"www.ara.cat",1,11,126
"uk.businessinsider.com",1,2,33
"bluper.es",1,1,8
"www.cbsnews.com",1,5,28
"www.extremadura7dias.com",1,7,41
"www.mujeresjuristasthemis.org",1,1,1
"ciencia.utero.pe",1,1,1
"www.likecool.com",1,1,2
"www.sorryantivaxxer.com",1,1,1
"politicaprosa.com",1,1,1
"pedradesign.es",1,2,5
"www.acodap.com",1,1,2
"www.diarimes.com",1,2,10
"www.agroinformacion.com",1,2,17
"static.eldiario.es",1,1,1
"www.kubuntu.org",1,1,1
"coconut-online.es",1,1,1
"viosbardos.blogspot.com",1,1,1
"www.tonterias.com",1,1,1
"crashoil.blogspot.com",1,2,10
"elconocimientotansoloseposee.blogspot.com",1,1,1
"pixdaus.com",1,2,13
"unbohemioburguesenmadrid.wordpress.com",1,1,1
"vistoentw.com",1,1,3
"maldicion-sisifo.blogspot.com",1,1,5
"mvlehti.net",1,1,1
"github.com",1,3,22
"lacomunidad.elpais.com",1,6,80
"nadaesgratis.es",1,1,36
"www.sueldospublicos.com",1,3,50
"es.uefa.com",1,1,2
"conlagentenoticias.com",1,1,1
"www.informa-tico.com",1,1,1
"www.tunewsfeed.com",1,1,1
"www.dogguie.com",1,2,7
"ww2.grn.es",1,2,11
"palomitasymaiz.wordpress.com",1,1,10
"psicohistoria.blogspot.com",1,1,1
"momentosdelpasado.blogspot.ie",1,1,6
"www.elzo-meridianos.blogspot.com.es",1,1,24
"www.verkami.com",1,1,7
"assets.publishing.service.gov.uk",1,1,1
"debcentral.org",1,1,1
"www.sciencealert.com",1,7,55
"es.globedia.com",1,1,8
"vivenciasvarias.blogspot.ie",1,1,1
"contraelmaltrato.blogspot.com",1,1,1
"www.elpixelilustre.com",1,1,14
"www.ecologistasenaccion.org",1,6,101
"braveneweurope.com",1,1,1
"stallman.org",1,1,3
"www.antrophistoria.com",1,1,11
"amp.elplural.com",1,2,8
"cosasdereich.blogspot.com.es",1,1,1
"foro-crashoil.2321837.n4.nabble.com",1,1,1
"delajusticia.com",1,1,5
"www.elfenomeno.com",1,1,5
"www.tomatazos.com",1,1,3
"historiasamurai.com",1,1,3
"www.robertoameijeiras.com",1,1,1
"coperibadesella.com",1,1,1
"www.corriere.it",1,8,47
"www.teclatum.com",1,1,1
"sevilla.abc.es",1,9,100
"col2.com",1,1,7
"vascongados.blogspot.com.es",1,1,1
"cnnespanol.cnn.com",1,19,172
"emitologias.com",1,1,1
"decabo.com",1,2,2
"www.todoporhacer.org",1,1,6
"www.naturalezacantabrica.es",1,3,14
"www.nodulo.org",1,1,2
"regeneracionya.com",1,1,4
"www.cadizdirecto.com",1,1,20
"marcianosmx.com",1,2,10
"www.noticiaslinux.com",1,1,1
"arretsurinfo.ch",1,1,1
"z0r.de",1,1,1
"www.eviemagazine.com",1,1,1
"kaleidoskopiodegabalaui.blogspot.com",1,1,1
"www.timesonline.co.uk",1,5,77
"valdezate.blogspot.com",1,1,2
"cnho.wordpress.com",1,6,41
"alternativaseconomicas.coop",1,1,3
"www.thinkfuture.es",1,1,18
"www.aprendizderepostera.es",1,1,1
"www.delcastellano.com",1,3,14
"www.worldenergytrade.com",1,1,7
"www.sesiondoble.com",1,1,3
"www.cosmonoticias.org",1,1,14
"www.unitedexplanations.org",1,1,7
"www.ratachillona.com",1,1,1
"www.noticias24.com",1,10,141
"todomemalesal.com",1,1,3
"economia.nexos.com.mx",1,1,1
"cuelgame.net",1,1,2
"revistas.uned.es",1,1,1
"www.epdata.es",1,1,6
"stripgenerator.com",1,1,1
"www.nacion.com",1,5,41
"ishkarioth.com",1,3,9
"www.canalextremadura.es",1,2,15
"botsdetwitter.wordpress.com",1,1,10
"www.camineo.info",1,1,5
"elpueblodeceuta.es",1,1,4
"blog.krusher.net",1,1,5
"noticiasserias.com",1,1,2
"blogs.periodistadigital.com",1,15,192
"www.ciudadrealblog.com",1,1,2
"fordivers.com",1,1,2
"www.diariodealmeria.es",1,2,15
"www.musica-2012.com",1,1,1
"www.pandemiadigital.net",1,1,2
"citaclio.blogspot.com",1,2,21
"www.cronicavasca.com",1,1,3
"diario.madrid.es",1,1,8
"www.tuexperto.com",1,4,54
"www.ecartelera.com",1,1,10
"vine.co",1,1,2
"quironfoz.blogspot.com.es",1,1,1
"somoschamberi.eldiario.es",1,1,2
"www.shoutwire.com",1,1,2
"lahaine.org",1,2,2
"cordopolis.es",1,6,42
"www.sbhac.net",1,1,2
"fun.drno.de",1,1,1
"blogs.ua.es",1,1,3
"latizona.blogspot.com",1,1,1
"wwwhatsnew.com",1,2,73
"www.ugt.es",1,1,2
"www.mujerglobal.com",1,1,1
"elordenmundial.com",1,5,75
"www.themysteryworld.com",1,2,3
"blogdelviejotopo.blogspot.ie",1,1,4
"foros.internautas.org",1,1,2
"www.vinetur.com",1,1,3
"www.ambito.com",1,3,11
"personales.ya.com",1,4,54
"soundcloud.com",1,2,5
"www.cuarzomundo.net",1,1,2
"www.gciencia.com",1,4,60
"www.trampero.com",1,1,1
"www.diariodeburgos.es",1,2,42
"news.nationalgeographic.com",1,8,65
"www.nma.tv",1,1,1
"elblogdepicapiedra.ketari.com",1,1,1
"asociacionabeiro.blogspot.com.es",1,1,1
"hablahonduras.com",1,1,2
"cierzodigital.com",1,2,6
"www.lapiedrarosetta.com",1,1,1
"tabernadegrog.blogspot.ie",1,1,16
"hermeblog.com",1,1,1
"englishrussia.com",1,5,54
"jmalvarezblog.blogspot.ie",1,1,1
"mysteryplanet.com.ar",1,1,3
"nuevecuatrouno.com",1,4,19
"www.portaldecadiz.com",1,1,15
"latraka.es",1,2,8
"www.informacion.es",1,5,50
"elprofedefisica.naukas.com",1,2,17
"www.elobservador.com.uy",1,2,19
"genoveses.blogspot.com.es",1,2,11
"www.elotrolado.net",1,6,104
"elcascarrabias.blogspot.com",1,1,7
"spanish.peopledaily.com.cn",1,2,18
"www.elpopular.pe",1,1,2
"www.hachemuda.com",1,3,10
"lolgod.blogspot.com",1,2,8
"gitlab.com",1,1,1
"granadastopdesahucios.wordpress.com",1,1,3
"lignux.com",1,1,4
"info.nodo50.org",1,2,13
"guerraenlaselva.com",1,1,1
"cerdopolla.blogspot.com.es",1,1,2
"www.eldiariocantabria.es",1,5,44
"www.thelatinlibrary.com",1,1,1
"nomellamesfriki.com",1,1,1
"www.eltelevisero.com",1,2,5
"fotos.lainformacion.com",1,2,30
"aldea-irreductible.blogspot.com",1,16,211
"www.treehugger.com",1,5,45
"getpocket.com",1,1,1
"birdinflight.com",1,1,2
"www.instagram.com",1,1,13
"meneame.wikispaces.com",1,1,6
"www.alchimiaweb.com",1,1,6
"www.cronica.com.ar",1,1,6
"elcaballerosinespada.wordpress.com",1,1,1
"enquepiensas.wordpress.com",1,1,1
"www.losgenoveses.net",1,1,5
"www.lazonakf.com",1,1,1
"procrastinafacil.com",1,1,1
"noticiastech.com",1,1,18
"lkml.org",1,3,13
"apedrazos.blogspot.com",1,1,1
"elreserva.com",1,1,1
"www.loenlasnubes.com",1,1,1
"fronterasblog.com",1,4,25
"michaelmoore.com",1,1,1
"www.melty.es",1,1,1
"libertamen.wordpress.com",1,1,1
"otrosvendran.wordpress.com",1,1,5
"unosesentayuno.es",1,1,1
"rodajesdepeliculas.blogspot.ie",1,3,11
"www.globalpost.com",1,1,11
"famagusta-gazette.com",1,1,1
"alplatuvendrasarbeyu.es",1,1,1
"www.yoibextigo.lamarea.com",1,1,10
"m.ara.cat",1,1,2
"www.diariodeavisos.com",1,2,45
"ultimahora.es",1,5,67
"www.articulandia.com",1,1,1
"www.ticbeat.com",1,3,34
"rayosycentellas.net",1,1,6
"atalayar.com",1,1,4
"misedades.wordpress.com",1,1,8
"www.economiadigital.es",1,6,120
"domingoplumaroja.blogspot.com.es",1,3,26
"es.sott.net",1,1,9
"sfist.com",1,1,1
"www.desdeelexilio.com",1,1,7
"www.nortes.me",1,2,16
"www.monikamdq.com.ar",1,1,8
"www.theepochtimes.com",1,1,1
"culturacolectiva.com",1,3,35
"www.nosdiario.gal",1,1,11
"marisblancor.wordpress.com",1,1,1
"rtvc.es",1,1,1
"www.elcolombiano.com",1,1,12
"vidayestilo.terra.cl",1,1,1
"mariviviendo.blogspot.com",1,1,1
"bnonews.com",1,1,5
"www.vintag.es",1,1,7
"www.culturaocio.com",1,1,13
"www.ufunk.net",1,2,4
"www.segundamano.es",1,1,4
"zonaretiro.com",1,3,32
"www.break.com",1,3,21
"experimentoaschoccidental.wordpress.com",1,1,1
"derechomercantilespana.blogspot.com",1,3,5
"lbry.tv",1,1,1
"www.amusingplanet.com",1,2,9
"www.zerohedge.com",1,1,24
"www.elgarrofer.com",1,2,12
"www.elsingulardigital.cat",1,2,2
"comicbook.com",1,1,4
"elmon.cat",1,1,9
"www.valde-moro.com",1,1,1
"nofunmagazine.blogspot.ie",1,1,1
"www.telam.com.ar",1,2,22
"www.movidadigital.com",1,1,2
"www.todoababor.es",1,2,16
"perarduaadastra.eu",1,4,19
"oiradilos.wordpress.com",1,1,2
"www.elrellano.com",1,1,3
"streetartutopia.com",1,1,1
"barcelonamemory.com",1,1,1
"www.comunitatvalenciana.com",1,1,1
"www.lasingularidad.net",1,1,1
"inglesenelexterior.wordpress.com",1,1,1
"www.yometiroalmonte.es",1,2,27
"historicphotographs.blogspot.com.es",1,1,1
"www.linuxhispano.net",1,2,19
"masquemilpalabras.wordpress.com",1,1,1
"blog.marcosmolina.com",1,1,1
"www.theverge.com",1,6,86
"tarcoteca.blogspot.com",1,1,2
"palestinalibre.org",1,1,3
"elplural.com",1,3,28
"viralizzer.com",1,1,12
"www.cienciahistorica.com",1,1,10
"www.estrelladigital.es",1,7,125
"www.editando.cl",1,1,2
"lamenteesmaravillosa.com",1,2,16
"www.washingtonpost.com",1,12,157
"sinergiasincontrol.blogspot.com",1,7,65
"javipas.com",1,1,1
"helektron.com",1,2,16
"www.xatakafoto.com",1,2,34
"www.fotolog.com",1,2,9
"www.lapulgasnob.com",1,1,5
"elavispo.blogspot.com",1,2,2
"www.gentedigital.es",1,3,31
"www.ubuntu.com",1,1,13
"www.twitter.com",1,1,4
"www.xatakaon.com",1,1,12
"www.hazteoir.org",1,1,14
"www.realmadrid.com",1,1,1
"www.lugaresconhistoria.com",1,1,4
"blogs.heraldo.es",1,1,6
"resolviendolaincognita.blogspot.co.uk",1,1,1
"www.rincondelasfuerzasarmadas.es",1,1,1
"mundoturbio.com",1,1,1
"nuevodiario.es",1,1,4
"www.globaltimes.cn",1,2,11
"www.runtimecomics.com",1,1,7
"www.tecnoloxia.com",1,1,2
"dangerousminds.net",1,3,9
"www.trendencias.com",1,1,6
"www.elfarodigital.es",1,1,1
"www.uncafelitoalasonce.com",1,1,2
"maventrap.es",1,1,1
"jmmulet.naukas.com",1,1,3
"www.fotlipou.com",1,2,2
"www.thevintagenews.com",1,1,4
"www.independentespanol.com",1,1,16
"www.acdc.com",1,1,1
"motherboard.vice.com",1,4,28
"www.javierortiz.net",1,2,29
"blogdemay.wordpress.com",1,1,1
"lalibretadevangaal.blogspot.com",1,1,7
"www.sms25.cat",1,1,1
"blogs.que.es",1,1,11
"www.ceutaactualidad.com",1,1,2
"lacienciaesbella.blogspot.ie",1,1,2
"liamngls.wordpress.com",1,1,1
"gerardotece.wordpress.com",1,1,1
"www.tribunavalladolid.com",1,1,14
"web.archive.org",1,1,5
"madridnofrills.com",1,1,1
"www.diario.eco",1,1,2
"www.loqu.com",1,1,2
"www.improbable.com",1,1,4
"www.autobild.es",1,5,34
"elcierredigital.com",1,4,20
"luchadisidente.wordpress.com",1,1,1
"thereluctantjacobin.wordpress.com",1,1,1
"www.swissinfo.org",1,2,6
"www.hypothesis.cl",1,2,6
"www.elmon.cat",1,1,1
"es.news-front.info",1,1,9
"mondiplo.com",1,1,3
"blog.christophersmart.com",1,1,1
"www.itemfix.com",1,1,2
"www.altairmagazine.com",1,1,2
"www.elviejotopo.com",1,1,5
"insider.foxnews.com",1,1,1
"especiales.lainformacion.com",1,1,15
"martinwullich.com",1,1,1
"news.vice.com",1,2,18
"momentosdelpasado.blogspot.com",1,3,55
"es.engadget.com",1,6,130
"jasp.bitacoras.com",1,2,14
"www.elespectador.com",1,5,82
"www.lorem-ipsum.es",1,4,32
"rosamtristan.com",1,1,7
"www.tod-os.com",1,1,3
"intercambia.net",1,1,7
"geomontanero.blogspot.com.es",1,1,1
"graphics.wsj.com",1,1,1
"www.segre.com",1,2,22
"www.mclaren.com",1,1,3
"www.thesempost.com",1,1,1
"www.nopuedocreer.com",1,4,82
"www.hoyendiachacabuco.com.ar",1,1,1
"www.lasegundaguerra.com",1,2,6
"nosinmibici.com",1,1,5
"ca.wikipedia.org",1,1,2
"viajeroincidental.blogspot.com",1,1,7
"www.illasaron.com",1,2,5
"www.menshealth.com",1,3,4
"meparecelamentable.blogspot.com",1,1,1
"lohizounmago.wordpress.com",1,1,1
"www.diariojaen.es",1,1,25
"sintesisnianalisis.wordpress.com",1,1,2
"boingboing.net",1,1,58
"bardeportes.blogspot.com",1,1,2
"admin.bigglobaltravel.com",1,1,1
"misterioeducacionyciencia.blogspot.com.es",1,5,40
"cgi.ebay.es",1,1,8
"liamngls.googlepages.com",1,1,1
"www.lacasadeel.net",1,2,9
"21stcenturywire.com",1,1,1
"kiosko.net",1,1,3
"marat-asaltarloscielos.blogspot.ie",1,1,2
"www.elparadigmadelaverdad.com",1,1,2
"searchenterpriselinux.techtarget.com",1,1,1
"www.celebutopia.net",1,1,1
"bulgariabatoi.wordpress.com",1,1,1
"glider.es",1,1,1
"montoliu.naukas.com",1,2,3
"www.cascaraamarga.es",1,1,5
"liamp.substack.com",1,1,1
"countercurrentnews.com",1,1,3
"spanish.martinvarsavsky.net",1,3,38
"medtube.net",1,1,1
"www.emol.com",1,11,99
"economia.noticias24.com",1,1,5
"unrojoporelmundo.blogspot.com.es",1,1,1
"www.tesourosdegalicia.com",1,1,1
"www.insurgente.org",1,3,27
"javimoya.com",1,2,35
"www.herzeleyd.com",1,2,3
"www.lugaresdenieve.com",1,1,3
"empleo.barrapunto.com",1,1,5
"lab.elespanol.com",1,1,1
"www.elquintopoder.cl",1,1,3
"www.bolpress.com",1,2,9
"nfl.univision.com",1,1,1
"mirmochi.tumblr.com",1,1,1
"www.sabercurioso.es",1,2,5
"www.metronoticias.com.mx",1,1,1
"news.westernu.ca",1,1,1
"southfront.org",1,1,3
"lacartadelabolsa.com",1,5,26
"news.sky.com",1,6,53
"cultura.panorama.it",1,1,1
"m.cuantarazon.com",1,1,2
"elestallidosocial.blogspot.com",1,1,1
"www.dosmanzanas.com",1,13,181
"www.girandolabrujula.com",1,1,1
"www.ciclosfera.com",1,1,6
"mareagranate.org",1,1,10
"www.bbvaopenmind.com",1,2,17
"cienciasycosas.wordpress.com",1,3,11
"elguindilla.com",1,1,5
"cultura.elpais.com",1,3,101
"lacajadebajodelacam.blogspot.com",1,2,29
"www.rabanomen.com",1,2,6
"www.vix.com",1,1,6
"www.digitalwarrior.es",1,1,2
"www.cronica.cat",1,1,7
"www.joseluiscruz.info",1,1,1
"www.hoyaragon.es",1,1,8
"tinyurl.com",1,1,5
"cuentos-cuanticos.com",1,3,25
"komikelx.blogspot.com",1,1,3
"1mayo.ccoo.es",1,1,1
"www.journals.uchicago.edu",1,1,1
"imparcialoaxaca.mx",1,1,1
"kirolexpres.com",1,1,1
"sabemos.es",1,2,22
"torino.repubblica.it",1,1,2
"listadelaverguenza.blogspot.com",1,1,4
"xavier-rius.blogspot.com",1,1,1
"www.odditycentral.com",1,2,18
"www.laprovincia.es",1,6,81
"www.karmany.net",1,1,1
"www.hellpress.com",1,3,5
"fort-russ.com",1,1,1
"mundopandereta.blogspot.com",1,1,1
"www.nasa.gov",1,17,137
"www.photographize.co",1,1,1
"cloud.madgazine.com",1,1,1
"rolloid.net",1,1,3
"mica8.typepad.com",1,1,1
"www.pasalo.es",1,1,1
"66.218.69.11",1,1,1
"adoma.es",1,1,1
"tribunavioleta.wordpress.com",1,1,1
"www.pcgamer.com",1,1,6
"dependency-injection.com",1,1,1
"www.somosmalasana.com",1,3,11
"genteinvencible.com",1,1,1
"jrmora.com",1,1,4
"www.paxaugusta.es",1,2,3
"www.zarquom.com",1,1,1
"www.mecagoenlos.com",1,1,7
"noticias.es.msn.com",1,3,10
"sueldospublicos.economiadigital.es",1,1,1
"www.lagranimprenta.es",1,1,3
"www.que.es",1,21,231
"us2.campaign-archive.com",1,1,2
"tn.com.ar",1,3,19
"foro.cristianos.es",1,1,1
"www.pisitoenmadrid.com",1,1,10
"miandroid.org",1,1,1
"vivacadiz.es",1,1,1
"hipersonica.com",1,1,7
"www.mundoobrero.es",1,1,8
"www.ctxt.es",1,1,6
"amp.65ymas.com",1,1,2
"www.hwlibre.com",1,1,1
"www.segorweb.com",1,1,1
"factinfor.blogspot.com",1,1,1
"ethic.es",1,1,20
"mipropiadecadencia.blogspot.com",1,1,1
"www.gizmodo.es",1,10,141
"www.thestar.com",1,2,8
"burradas-urbanas.blogspot.com",1,1,3
"www.celtica.es",1,1,15
"www.quesabesde.com",1,6,28
"canarias-semanal.org",1,1,15
"undebateenmicabeza.blogspot.com.es",1,1,1
"ncrnoticias.com",1,1,2
"www.tucumanos.com",1,1,1
"algarabia.com",1,1,1
"www.erradodearagon.com",1,1,1
"aquatremans.blogspot.com",1,1,4
"www.presseurop.eu",1,1,16
"www.felixmoreno.com",1,2,4
"failbook.failblog.org",1,1,1
"jsmutxamel.blogspot.com",1,1,4
"www.phoronix.com",1,5,43
"laverdadnoticias.com",1,1,2
"www.briefblog.com.mx",1,2,7
"la-tabla.blogspot.ie",1,1,2
"www.porandalucialibre.es",1,4,23
"www.rioja2.com",1,4,22
"www.rusadas.com",1,3,29
"es.reuters.com",1,9,137
"hardzone.es",1,5,30
"www.sindinero.org",1,5,65
"www.consalud.es",1,3,17
"releases.ubuntu.com",1,1,6
"www.bocm.es",1,1,1
"venturebeat.com",1,2,9
"disenso.wordpress.com",1,1,2
"eakit.com",1,1,1
"mujeresconciencia.com",1,2,9
"halley.uis.edu.co",1,1,1
"ecoinventos.com",1,5,100
"140geek.com",1,1,1
"www.antimilitaristas.org",1,2,12
"plus.google.com",1,1,15
"www.gaussianos.com",1,1,5
"etimologias2004.blogspot.com",1,1,1
"www.vitonica.com",1,4,15
"www.xfce.org",1,1,2
"www.regiondemurcia.juventudes.org",1,1,1
"edocet.naukas.com",1,1,6
"verdeyazul.diarioinformacion.com",1,1,12
"sploid.gizmodo.com",1,6,37
"listocomics.com",1,2,49
"www.elecodiario.mobi",1,1,2
"www.instructables.com",1,2,10
"www.infosalus.com",1,6,86
"mrjaen.com",1,2,26
"blog.levhita.net",1,1,2
"www.periodicoclm.es",1,4,75
"www.soloretro.com",1,1,1
"academiaplay.es",1,1,14
"www.wikiversus.com",1,1,8
"illusionoftheyear.com",1,1,1
"www.apple.com",1,1,11
"alternativaciudadanacarabania.wordpress.com",1,1,1
"www.f1aldia.com",1,2,13
"metalpordetras.com",1,1,3
"www.wired.com",1,11,172
"www.degolf.org",1,1,1
"www.calipodelima.com",1,1,1
"vallecasweb.com",1,1,1
"www.elliberal.cat",1,1,2
"sinpermiso.info",1,1,3
"www.rpp.com.pe",1,3,23
"sociedad.elpais.com",1,16,222
"theweek.com",1,1,5
"jusore.blogspot.com",1,1,2
"www.autonocion.com",1,1,5
"fresqui.blogspot.com",1,1,4
"comunicacionsellamaeljuego.com",1,1,23
"www.lahaine.org",1,5,56
"viajes.101lugaresincreibles.com",1,4,23
"www.benemeritaaldia.org",1,1,1
"www.historiasdechina.com",1,1,10
"ferranhumor.wordpress.com",1,1,4
"nuestraespana.com",1,1,1
"informadorpublico.com",1,1,1
"i22.tinypic.com",1,1,1
"charliehebdo.fr",1,1,2
"elcorreoweb.es",1,3,10
"www.jurist.org",1,1,1
"www.finanzas.com",1,7,144
"www.muycomputer.com",1,3,83
"www.ncreport.es",1,1,1
"4freedoms.substack.com",1,2,20
"www.es.amnesty.org",1,4,46
"www.falsariuschef.com",1,1,1
"mibrujula.com",1,1,2
"www.hortalizas.com",1,1,1
"enriquefornesangelesmyblog.wordpress.com",1,1,1
"www.nyse.com",1,1,1
"www.asturias24.es",1,3,25
"www.imaxenes.com",1,1,12
"podcaliptus.com",1,2,7
"estoesundisparate.wordpress.com",1,1,1
"www.amorfos.org",1,1,1
"www.saporedicina.com",1,1,4
"www.lapizarradeyuri.com",1,3,66
"www.nacionred.com",1,8,134
"nomada.gt",1,1,3
"en.kueez.com",1,1,1
"es.cointelegraph.com",1,2,5
"www.ileon.com",1,9,99
"espaciosinseguros.com",1,1,2
"www.sciam.com",1,2,21
"els-quatre-gats.blogspot.com.es",1,1,3
"ohcaspita.wordpress.com",1,1,3
"www.periodistadigital.tv",1,1,2
"onsoftware.softonic.com",1,6,10
"science.slashdot.org",1,2,8
"www.malavida.com",1,6,189
"www.cordobabn.com",1,1,6
"losojosdehipatia.com.es",1,1,5
"www.derf.com.ar",1,1,10
